Workbook

Sheet DS
A1: STT | B1: Họ và tên | C1: MÃ NV | D1: Giới tính | E1: Năm sinh | F1: Phòng ban | G1: Chức vụ
A2: 1 | B2: Nguyễn Trọng Cường | C2: =VLOOKUP(B2,'DS CŨ'!$B$2:$C$39,2,0) -> NV01 | D2: Nam | E2: 1971 | F2: Lãnh đạo | G2: Giám đốc
A3: 2 | B3: Trương Văn Cường | C3: =VLOOKUP(B3,'DS CŨ'!$B$2:$C$39,2,0) -> NV03 | D3: Nam | E3: 1983 | F3: Lãnh đạo | G3: Phó giám đốc
A4: 3 | B4: Nguyễn Kim Trọng | C4: =VLOOKUP(B4,'DS CŨ'!$B$2:$C$39,2,0) -> NV29 | D4: Nam | E4: 1972 | F4: Phòng Hành chính-Tổng hợp | G4: Trưởng phòng
A5: 4 | B5: Nguyễn Văn Thọ | C5: =VLOOKUP(B5,'DS CŨ'!$B$2:$C$39,2,0) -> NV06 | D5: Nam | E5: 1972 | F5: Phòng Hành chính-Tổng hợp | G5: Nhân viên lái xe
A6: 5 | B6: Trịnh Minh Thắng | C6: =VLOOKUP(B6,'DS CŨ'!$B$2:$C$39,2,0) -> NV13 | D6: Nam | E6: 1975 | F6: Phòng Kế hoạch | G6: Trưởng phòng
A7: 6 | B7: Dương Dũng | C7: =VLOOKUP(B7,'DS CŨ'!$B$2:$C$39,2,0) -> NV15 | D7: Nam | E7: 1968 | F7: Phòng Kế hoạch | G7: Chuyên viên
A8: 7 | B8: Phan Lê Phước Nghĩa | C8: =VLOOKUP(B8,'DS CŨ'!$B$2:$C$39,2,0) -> NV21 | D8: Nam | E8: 1979 | F8: Phòng Kế hoạch | G8: Chuyên viên
A9: 8 | B9: Bùi Tấn Sơn | C9: =VLOOKUP(B9,'DS CŨ'!$B$2:$C$39,2,0) -> NV26 | D9: Nam | E9: 1995 | F9: Phòng Kế hoạch | G9: Chuyên viên
A10: 9 | B10: Ông Văn Lộc | C10: =VLOOKUP(B10,'DS CŨ'!$B$2:$C$39,2,0) -> NV19 | D10: Nam | E10: 1981 | F10: Phòng Kỹ Thuật | G10: Trưởng phòng
A11: 10 | B11: Nguyễn Huy Liêm | C11: =VLOOKUP(B11,'DS CŨ'!$B$2:$C$39,2,0) -> NV18 | D11: Nam | E11: 1985 | F11: Phòng Kỹ Thuật | G11: Chuyên viên
A12: 11 | B12: Trần Tuấn Hảo | C12: =VLOOKUP(B12,'DS CŨ'!$B$2:$C$39,2,0) -> NV20 | D12: Nam | E12: 1966 | F12: Phòng Kỹ Thuật | G12: Chuyên viên
A13: 12 | B13: Ngô Hoài Phương | C13: NV44 | D13: Nam | E13: 1994 | F13: Phòng Kỹ Thuật | G13: Chuyên viên
A14: 13 | B14: Nguyễn Trung Hiếu | C14: =VLOOKUP(B14,'DS CŨ'!$B$2:$C$39,2,0) -> NV22 | D14: Nam | E14: 1983 | F14: Phòng QL KCN DVTS Đà Nẵng | G14: Trưởng phòng
A15: 14 | B15: Trương Văn Hùng | C15: =VLOOKUP(B15,'DS CŨ'!$B$2:$C$39,2,0) -> NV28 | D15: Nam | E15: 1993 | F15: Phòng QL KCN DVTS Đà Nẵng | G15: Cán sự
A16: 15 | B16: Đỗ Viết Tấn | C16: =VLOOKUP(B16,'DS CŨ'!$B$2:$C$39,2,0) -> NV25 | D16: Nam | E16: 1973 | F16: Phòng QL KCN DVTS Đà Nẵng | G16: Nhân viên bảo vệ
A17: 16 | B17: Phan Trung Tiến | C17: =VLOOKUP(B17,'DS CŨ'!$B$2:$C$39,2,0) -> NV27 | D17: Nam | E17: 1973 | F17: Phòng QL KCN DVTS Đà Nẵng | G17: Nhân viên bảo vệ
A18: 17 | B18: Lê Trung Hiếu | C18: =VLOOKUP(B18,'DS CŨ'!$B$2:$C$39,2,0) -> NV41 | D18: Nam | E18: 2001 | F18: Phòng QL KCN DVTS Đà Nẵng | G18: Nhân viên bảo vệ
A19: 18 | B19: Văn Quang Viên | C19: =VLOOKUP(B19,'DS CŨ'!$B$2:$C$39,2,0) -> NV04 | D19: Nam | E19: 1979 | F19: Xí nghiệp QL&DV KCN Hòa Khánh | G19: Giám đốc XN
A20: 19 | B20: Ngô Tấn Trung | C20: =VLOOKUP(B20,'DS CŨ'!$B$2:$C$39,2,0) -> NV30 | D20: Nam | E20: 1977 | F20: Xí nghiệp QL&DV KCN Hòa Khánh | G20: Phó giám đốc XN
A21: 20 | B21: Nguyễn Pho | C21: =VLOOKUP(B21,'DS CŨ'!$B$2:$C$39,2,0) -> NV14 | D21: Nam | E21: 1977 | F21: Xí nghiệp QL&DV KCN Hòa Khánh | G21: Phó giám đốc XN
A22: 21 | B22: Phan Văn Hùng | C22: =VLOOKUP(B22,'DS CŨ'!$B$2:$C$39,2,0) -> NV31 | D22: Nam | E22: 1972 | F22: Xí nghiệp QL&DV KCN Hòa Khánh | G22: Cán sự
A23: 22 | B23: Trần Văn Quân | C23: =VLOOKUP(B23,'DS CŨ'!$B$2:$C$39,2,0) -> NV35 | D23: Nam | E23: 1971 | F23: Xí nghiệp QL&DV KCN Hòa Khánh | G23: Nhân viên bảo vệ
A24: 23 | B24: Phan Xuân Khánh | C24: =VLOOKUP(B24,'DS CŨ'!$B$2:$C$39,2,0) -> NV32 | D24: Nam | E24: 1968 | F24: Xí nghiệp QL&DV KCN Hòa Khánh | G24: Nhân viên lái xe
A25: 24 | B25: Trương Công Tuấn | C25: =VLOOKUP(B25,'DS CŨ'!$B$2:$C$39,2,0) -> NV39 | D25: Nam | E25: 1993 | F25: Xí nghiệp QL&DV KCN Hòa Khánh | G25: Nhân viên lái xe
... A28: 27 | B28: Võ Tòng Vũ | C28: =VLOOKUP(B28,'DS CŨ'!$B$2:$C$39,2,0) -> NV42 | D28: Nam | E28: 1999 | F28: Xí nghiệp QL&DV KCN Hòa Khánh | G28: Nhân viên bảo vệ
A29: 28 | B29: Nguyễn Trung Kiên | C29: NV45 | D29: Nam | E29: 2001 | F29: Xí nghiệp QL&DV KCN Hòa Khánh | G29: Nhân viên bảo vệ
A30: 29 | B30: Trần Thu Hương | C30: =VLOOKUP(B30,'DS CŨ'!$B$2:$C$39,2,0) -> NV02 | D30: Nữ | E30: 1974 | F30: Lãnh đạo | G30: Phó giám đốc
A31: 30 | B31: Nguyễn Thị Thơ | C31: =VLOOKUP(B31,'DS CŨ'!$B$2:$C$39,2,0) -> NV09 | D31: Nữ | E31: 1976 | F31: Phòng Hành chính-Tổng hợp | G31: Phó trưởng phòng
A32: 31 | B32: Phạm Gia Hy | C32: =VLOOKUP(B32,'DS CŨ'!$B$2:$C$39,2,0) -> NV43 | D32: Nữ | E32: 1996 | F32: Phòng Hành chính-Tổng hợp | G32: Văn thư viên
A33: 32 | B33: Đinh Thị Kim Tâm | C33: =VLOOKUP(B33,'DS CŨ'!$B$2:$C$39,2,0) -> NV17 | D33: Nữ | E33: 1988 | F33: Phòng Kế hoạch | G33: Chuyên viên
A34: 33 | B34: Nguyễn Thị Hoa | C34: =VLOOKUP(B34,'DS CŨ'!$B$2:$C$39,2,0) -> NV07 | D34: Nữ | E34: 1975 | F34: Phòng Kế toán - Tài vụ | G34: Trưởng phòng
A35: 34 | B35: Nguyễn Hạnh Thắm | C35: =VLOOKUP(B35,'DS CŨ'!$B$2:$C$39,2,0) -> NV08 | D35: Nữ | E35: 1987 | F35: Phòng Kế toán - Tài vụ | G35: Phó trưởng phòng
A36: 35 | B36: Nguyễn Thị Hằng Nga | C36: =VLOOKUP(B36,'DS CŨ'!$B$2:$C$39,2,0) -> NV10 | D36: Nữ | E36: 1988 | F36: Phòng Kế toán - Tài vụ | G36: Chuyên viên
A37: 36 | B37: Phạm Thị Cẩm Lai | C37: =VLOOKUP(B37,'DS CŨ'!$B$2:$C$39,2,0) -> NV12 | D37: Nữ | E37: 1989 | F37: Phòng Kế toán - Tài vụ | G37: Chuyên viên
A38: 37 | B38: Trần Thị Anh Thư | C38: =VLOOKUP(B38,'DS CŨ'!$B$2:$C$39,2,0) -> NV16 | D38: Nữ | E38: 1984 | F38: Phòng Kế hoạch | G38: Phó phòng
A39: 38 | B39: Hồ Thị Vân | C39: =VLOOKUP(B39,'DS CŨ'!$B$2:$C$39,2,0) -> NV23 | D39: Nữ | E39: 1975 | F39: Phòng QL KCN DVTS Đà Nẵng | G39: Chuyên viên
A40: 39 | B40: Nguyễn Thị Thu | C40: =VLOOKUP(B40,'DS CŨ'!$B$2:$C$39,2,0) -> NV34 | D40: Nữ | E40: 1974 | F40: Xí nghiệp QL&DV KCN Hòa Khánh | G40: Phục vụ

Sheet DS CŨ
A1: STT | B1: Họ và tên | C1: Mã số | D1: Thứ tự NV | E1: Ngày | F1: Tháng | G1: Năm
A2: 1 | B2: Nguyễn Trọng Cường | C2: NV01 | D2: 1 | G2: 1971
A3: 2 | B3: Trần Thu Hương | C3: NV02 | D3: 2 | G3: 1974
A4: 3 | B4: Trương Văn Cường | C4: NV03 | D4: 3 | G4: 1983
A5: 4 | B5: Nguyễn Kim Trọng | C5: NV29 | D5: 4 | G5: 1972
A6: 5 | B6: Nguyễn Thị Thơ | C6: NV09 | D6: 5 | G6: 1976
A7: 6 | B7: Phạm Gia Hy | C7: NV43 | D7: 6 | G7: 1996
A8: 7 | B8: Nguyễn Văn Thọ | C8: NV06 | D8: 7 | G8: 1972
A9: 8 | B9: Trịnh Minh Thắng | C9: NV13 | D9: 8 | G9: 1975
A10: 9 | B10: Nguyễn Pho | C10: NV14 | D10: 9 | G10: 1977
A11: 10 | B11: Dương Dũng | C11: NV15 | D11: 10 | G11: 1968
A12: 11 | B12: Trần Thị Anh Thư | C12: NV16 | D12: 11 | G12: 1984
A13: 12 | B13: Đinh Thị Kim Tâm | C13: NV17 | D13: 12 | G13: 1988
... A39: 38 | B39: Mai Xuân Trung | C39: NV36 | D39: 38 | G39: 1963

Sheet DM
A1: Stt | B1: Danh mục khám | D1: Chức năng khám | E1: Số lượng
A3: 1 | B3: Khám tổng quát | C3: Khám chuyên khoa Nội, ngoại tổng quát, Chuyên khoa TMH, Chuyên Khoa RMH, Chuyên khoa mắt, cân đo, huyết áp,…. | D3: Phát hiện sơ bộ các bệnh lý toàn thân (Đo chỉ số cơ thể (BMI), mạch, huyết áp, khám chung tất cả,…..) | E3: 39
D4: Phát hiện sơ bộ các bệnh lý ngoại khoa toàn thân
D5: Phát hiện sơ bộ các bệnh lý về Tai - Mũi - Họng, tư vấn các bệnh lý về viên xoang, thanh quản,….
D6: Phát hiện các bệnh lý sơ bộ về Răng,…viêm nướu, sâu răng và các bệnh khác về Răng.
D7: Phát hiện các bệnh lý sơ bộ về Mắt, đo mắt,…
A8: 2 | B8: Chẩn đoán hình ảnh | C8: Chụp X-Quang tim phổi kỹ thuật số (Hãng Fuji - Nhật) | D8: Phát hiện các bệnh về lao, phổi, u, … Bệnh tim liên quan tới phổi. | E8: 39
A9: 3 | C9: Siêu âm màu Bụng - Tổng Quát (Máy GE LOGIQ S7 Expert Công nghệ XDclear đầu dò ma trận siêu nông - Mỹ ) | D9: Đánh giá các bất thường ở ổ bụng: gan, thận, mật, tử cung buồng trứng (đối với nữ), tuyến tiền liệt (đối với nam). | E9: 39
A10: 4 | C10: Siêu âm Tuyến giáp (Máy GE LOGIQ S7 Expert Công nghệ XDclear đầu dò ma trận siêu nông - Mỹ ) | D10: Phát hiện sớm, chính xác các bệnh lý về tuyến giáp (bướu cổ). | E10: 39
A11: 5 | C11: Điện tâm đồ. (Đo điện tim) 12 kênh (Hãng GE - Mỹ) | D11: Phát hiện sớm các bệnh lý thiếu máu cơ tim, rối loạn nhịp tim | E11: 39
A12: 6 | B12: Nước tiểu toàn phần | C12: Nước tiểu 10 thông số. (Xét nghiệm nước tiểu toàn phần) (Hãng Roche - Thụy sỹ - Hóa chất chính hãng - Hóa chất chính hãng - Hóa chất chính hãng) | D12: Phát hiện bệnh tiểu đường, các bệnh thận, viêm cầu thận, viêm đường tiết niệu và các bệnh lý của các cơ quan khác trong cơ thể | E12: 39
A13: 7 | B13: Công thức máu | C13: Tổng phân tích tế bào máu bằng máy Laser. (Xét nghiệm công thức máu toàn phần) (Hãng Sysmec - Thụy Sỹ - Hóa chất chính hãng) | D13: Phân tích hồng cầu, bạch cầu, tiểu cầu, huyết sắc tố, hematocrit, công thức bạch cầu … để phát hiện các bệnh về máu, viêm nhiễm, thiếu máu… | E13: 39
A14: 8 | B14: Kiểm tra đường huyết | C14: Định lượng GLUCOSE máu. (Hãng Roche - Thụy sỹ - Hóa chất chính hãng - Hóa chất chính hãng) | D14: Phát hiện các bất thường về đường máu | E14: 39
A15: 9 | B15: Kiểm tra chức năng gan | C15: AST ( SGOT ) (Hãng Roche - Thụy sỹ - Hóa chất chính hãng - Hóa chất chính hãng) | D15: Phát hiện tình trạng viêm gan | E15: 39
A16: 10 | C16: ALT ( SGPT ) (Hãng Roche - Thụy sỹ - Hóa chất chính hãng - Hóa chất chính hãng) | D16: Phát hiện tình trạng viêm gan | E16: 39
A17: 11 | B17: Kiểm tra chức năng thận | C17: Định lượng CREATINIE máu (Hãng Roche - Thụy sỹ - Hóa chất chính hãng - Hóa chất chính hãng) | D17: Đánh giá chức năng thận. | E17: 39
A18: 12 | B18: Mỡ máu | C18: Cholesterol TP (Hãng Roche - Thụy sỹ - Hóa chất chính hãng) | D18: Cholesterol toàn phần | E18: 39
A19: 13 | C19: Triglycerid (Hãng Roche - Thụy sỹ - Hóa chất chính hãng) | D19: 1 dạng chất béo | E19: 39
A20: 14 | B20: Kiểm tra gout | C20: Định lượng ACID URIC máu (Hãng Roche - Thụy sỹ - Hóa chất chính hãng - Hóa chất chính hãng) | D20: Phát hiện bệnh Goutte. | E20: 39
A21: 15 | B21: Gói Nữ | C21: Khám phụ khoa | E21: 11
A22: 16 | C22: Khám Vú | E22: 11
A23: 17 | C23: Tổng kết và tư vấn sức khỏe | D23: Tư vấn điều trị toàn bộ các kết quả khám | E23: 39
A24: 18 | C24: Tặng 1 phiếu thức uống miễn phí Café Sân Vườn tại ngay Trung tâm Thiện Nhân | E24: 39
A25: DANH MỤC - LÁI XE
A26: 1 | B26: Khám ngoại | D26: Phát hiện sơ bộ các bệnh lý ngoại khoa toàn thân | E26: 3
A27: 2 | B27: Test Ma tuý tổng hợp | D27: Phát hiện định tính nhiễm virus HIV | E27: 3
A28: 3 | B28: Ethanol(Nồng độ cồn trong máu) | D28: Kiểm tra nồng độ cồn | E28: 3

Sheet DS VIP
A1: STT | B1: Họ và tên | C1: Giới tính | D1: Năm sinh | E1: Phòng ban | F1: Chức vụ
A2: 1 | B2: Nguyễn Trọng Cường | C2: Nam | D2: 1971 | E2: Lãnh đạo | F2: Giám đốc
A3: 2 | B3: Trương Văn Cường | C3: Nam | D3: 1983 | E3: Lãnh đạo | F3: Phó giám đốc
A4: 18 | B4: Văn Quang Viên | C4: Nam | D4: 1979 | E4: Xí nghiệp QL&DV KCN Hòa Khánh | F4: Giám đốc XN
A5: 19 | B5: Ngô Tấn Trung | C5: Nam | D5: 1977 | E5: Xí nghiệp QL&DV KCN Hòa Khánh | F5: Phó giám đốc XN
A6: 20 | B6: Nguyễn Pho | C6: Nam | D6: 1977 | E6: Xí nghiệp QL&DV KCN Hòa Khánh | F6: Phó giám đốc XN
A7: 29 | B7: Trần Thu Hương | C7: Nữ | D7: 1974 | E7: Lãnh đạo | F7: Phó giám đốc
